{
    "predictions": [
        {
            "class": "action",
            "confidence": 0.9285760521888733,
            "detection_id": "558496fe-5314-46a2-a43b-d9e73eb8de19",
            "bbox": {
                "x1": 270.0,
                "y1": 210.0,
                "x2": 648.0,
                "y2": 348.0
            },
            "name": "appointee"
        },
        {
            "class": "final",
            "confidence": 0.9285473227500916,
            "detection_id": "780b4fb3-44a0-47df-b33a-b94ee40ec437",
            "bbox": {
                "x1": 435.0,
                "y1": 1182.0,
                "x2": 505.0,
                "y2": 1256.0
            },
            "name": ""
        },
        {
            "class": "decision",
            "confidence": 0.9220303893089294,
            "detection_id": "1a292a2b-b22e-4b8c-80c5-f5a1a1878dcf",
            "bbox": {
                "x1": 419.5,
                "y1": 472.0,
                "x2": 512.5,
                "y2": 592.0
            },
            "name": ""
        },
        {
            "class": "action",
            "confidence": 0.9170988202095032,
            "detection_id": "497994b7-9450-489a-9baf-b897434eda33",
            "bbox": {
                "x1": 266.0,
                "y1": 972.0,
                "x2": 694.0,
                "y2": 1088.0
            },
            "name": "either"
        },
        {
            "class": "action",
            "confidence": 0.9110293984413147,
            "detection_id": "30cd376b-3e8c-40c2-b74c-027348600cb3",
            "bbox": {
                "x1": 744.0,
                "y1": 458.0,
                "x2": 1110.0,
                "y2": 582.0
            },
            "name": "be"
        },
        {
            "class": "action",
            "confidence": 0.896896243095398,
            "detection_id": "9741cb8e-33f3-4445-8f27-21a38c8077e7",
            "bbox": {
                "x1": 333.0,
                "y1": 696.0,
                "x2": 689.0,
                "y2": 830.0
            },
            "name": "Ta"
        },
        {
            "class": "start",
            "confidence": 0.8862676024436951,
            "detection_id": "b05da3c3-cca9-42f0-b921-4225d912b389",
            "bbox": {
                "x1": 446.0,
                "y1": 54.0,
                "x2": 518.0,
                "y2": 130.0
            },
            "name": ""
        },
        {
            "class": "control flow",
            "confidence": 0.8808547854423523,
            "detection_id": "735717cf-2365-489b-bbf4-d9783cba0564",
            "bbox": {
                "x1": 438.5,
                "y1": 588.0,
                "x2": 483.5,
                "y2": 696.0
            },
            "name": ""
        },
        {
            "class": "control flow",
            "confidence": 0.8621833920478821,
            "detection_id": "cf4ed461-bfd3-4554-a39c-d7bc682a659a",
            "bbox": {
                "x1": 449.5,
                "y1": 344.0,
                "x2": 498.5,
                "y2": 484.0
            },
            "name": ""
        },
        {
            "class": "control flow",
            "confidence": 0.8444543480873108,
            "detection_id": "c71bed75-b933-4c1e-b735-5fcdeee7fb97",
            "bbox": {
                "x1": 511.5,
                "y1": 518.0,
                "x2": 748.5,
                "y2": 574.0
            },
            "name": ""
        },
        {
            "class": "control flow",
            "confidence": 0.8428236246109009,
            "detection_id": "c7dfcc74-6db1-420e-b6aa-4879d74328c8",
            "bbox": {
                "x1": 451.0,
                "y1": 128.0,
                "x2": 489.0,
                "y2": 216.0
            },
            "name": ""
        },
        {
            "class": "control flow",
            "confidence": 0.8136310577392578,
            "detection_id": "3789f3e1-4f8d-45e3-a3e2-58e4931f1049",
            "bbox": {
                "x1": 442.0,
                "y1": 830.0,
                "x2": 484.0,
                "y2": 956.0
            },
            "name": ""
        },
        {
            "class": "inward",
            "confidence": 0.8030716776847839,
            "detection_id": "5a0561b9-a39a-44d5-a63e-cdb127c576d8",
            "bbox": {
                "x1": 438.5,
                "y1": 1144.0,
                "x2": 483.5,
                "y2": 1190.0
            },
            "name": ""
        },
        {
            "class": "control flow",
            "confidence": 0.7835197448730469,
            "detection_id": "5a64ce4c-ce72-4651-a615-efde6932945c",
            "bbox": {
                "x1": 447.5,
                "y1": 1076.0,
                "x2": 476.5,
                "y2": 1190.0
            },
            "name": ""
        },
        {
            "class": "inward",
            "confidence": 0.7800009250640869,
            "detection_id": "1191fc48-c452-4e52-9c1b-3243c5a632e2",
            "bbox": {
                "x1": 703.0,
                "y1": 516.0,
                "x2": 745.0,
                "y2": 574.0
            },
            "name": ""
        },
        {
            "class": "outward",
            "confidence": 0.7545357942581177,
            "detection_id": "48165c3a-48f2-472b-b59a-dac94232e0e8",
            "bbox": {
                "x1": 512.5,
                "y1": 526.0,
                "x2": 541.5,
                "y2": 578.0
            },
            "name": ""
        },
        {
            "class": "outward",
            "confidence": 0.7196229696273804,
            "detection_id": "7d81e3e1-9022-4501-81f1-fd29a9d21f38",
            "bbox": {
                "x1": 440.5,
                "y1": 588.0,
                "x2": 487.5,
                "y2": 618.0
            },
            "name": ""
        },
        {
            "class": "inward",
            "confidence": 0.6809602975845337,
            "detection_id": "f6915092-6552-4664-b996-494c49fbc94b",
            "bbox": {
                "x1": 444.0,
                "y1": 424.0,
                "x2": 498.0,
                "y2": 474.0
            },
            "name": ""
        },
        {
            "class": "outward",
            "confidence": 0.6653180122375488,
            "detection_id": "0a4be487-dea6-4b37-bcbf-48cacc36aea0",
            "bbox": {
                "x1": 461.5,
                "y1": 340.0,
                "x2": 490.5,
                "y2": 374.0
            },
            "name": ""
        },
        {
            "class": "inward",
            "confidence": 0.6635111570358276,
            "detection_id": "28b3c236-c3f4-43cb-85db-ffd43f85b5a3",
            "bbox": {
                "x1": 443.5,
                "y1": 178.0,
                "x2": 490.5,
                "y2": 218.0
            },
            "name": ""
        },
        {
            "class": "inward",
            "confidence": 0.6528013944625854,
            "detection_id": "8e8e5939-42bd-4448-ba25-be3b0ad6bd6e",
            "bbox": {
                "x1": 431.0,
                "y1": 912.0,
                "x2": 489.0,
                "y2": 954.0
            },
            "name": ""
        },
        {
            "class": "inward",
            "confidence": 0.6268138885498047,
            "detection_id": "26f9b6b2-8c2c-49ed-9773-7e95b600d859",
            "bbox": {
                "x1": 428.5,
                "y1": 652.0,
                "x2": 489.5,
                "y2": 696.0
            },
            "name": ""
        },
        {
            "class": "outward",
            "confidence": 0.584845781326294,
            "detection_id": "436da9c0-4003-4344-890d-2093a053af15",
            "bbox": {
                "x1": 447.0,
                "y1": 826.0,
                "x2": 487.0,
                "y2": 858.0
            },
            "name": ""
        },
        {
            "class": "outward",
            "confidence": 0.5348321795463562,
            "detection_id": "5aeb432e-fda0-4a6b-adb2-a30d8e8dd5a8",
            "bbox": {
                "x1": 451.0,
                "y1": 126.0,
                "x2": 491.0,
                "y2": 152.0
            },
            "name": ""
        },
        {
            "class": "outward",
            "confidence": 0.4748117923736572,
            "detection_id": "0e277604-6b90-432f-b07e-f2eddd2bc554",
            "bbox": {
                "x1": 442.0,
                "y1": 1070.0,
                "x2": 480.0,
                "y2": 1102.0
            },
            "name": ""
        }
    ],
    "connections": [
        {
            "type": "control flow",
            "from": "b05da3c3-cca9-42f0-b921-4225d912b389",
            "to": "558496fe-5314-46a2-a43b-d9e73eb8de19"
        },
        {
            "type": "control flow",
            "from": "558496fe-5314-46a2-a43b-d9e73eb8de19",
            "to": "30cd376b-3e8c-40c2-b74c-027348600cb3"
        },
        {
            "type": "control flow",
            "from": "1a292a2b-b22e-4b8c-80c5-f5a1a1878dcf",
            "to": "9741cb8e-33f3-4445-8f27-21a38c8077e7"
        },
        {
            "type": "control flow",
            "from": "497994b7-9450-489a-9baf-b897434eda33",
            "to": "780b4fb3-44a0-47df-b33a-b94ee40ec437"
        },
        {
            "type": "control flow",
            "from": "30cd376b-3e8c-40c2-b74c-027348600cb3",
            "to": "1a292a2b-b22e-4b8c-80c5-f5a1a1878dcf"
        },
        {
            "type": "control flow",
            "from": "9741cb8e-33f3-4445-8f27-21a38c8077e7",
            "to": "497994b7-9450-489a-9baf-b897434eda33"
        }
    ]
}